{
    "version": 1,
    "revision": 0,
    "rules": [
        {
            "primary-output": "DAY1\\x64\\Debug\\microsoft\\STL\\std.compat.obj",
            "outputs": [
                "DAY1\\x64\\Debug\\microsoft\\STL\\std.compat.ixx.ifc.dt.module.json",
                "DAY1\\x64\\Debug\\microsoft\\STL\\std.compat.ixx.ifc.dt.d.json",
                "DAY1\\x64\\Debug\\microsoft\\STL\\std.compat.ifc"
            ],
            "provides": [
                {
                    "logical-name": "std.compat",
                    "source-path": "c:\\program files\\microsoft visual studio\\2022\\community\\vc\\tools\\msvc\\14.43.34808\\modules\\std.compat.ixx",
                    "is-interface": true
                }
            ],
            "requires": [
                {
                    "logical-name": "std"
                }
            ]
        }
    ]
}